{"mean": [-123.48816680908203, -7.064295291900635, -11.203179359436035, 83.98480987548828, 5.100234508514404, 7.582571983337402, -1.7035390138626099, -0.09353557229042053, -0.3710937798023224], "std": [324.42291259765625, 279.07763671875, 143.32737731933594, 185.2638702392578, 163.6285858154297, 85.82562255859375, 157.47689819335938, 157.37513732910156, 154.2830047607422]}