{"mean": [-61.22724151611328, -3.0476198196411133, -5.711218357086182, 83.8244857788086, 4.393049240112305, 7.71729040145874, -1.3488953113555908, -0.24432283639907837, 0.16625314950942993], "std": [162.02389526367188, 139.15408325195312, 72.64199829101562, 185.39718627929688, 163.19580078125, 85.1076431274414, 117.96495056152344, 117.65230560302734, 115.58256530761719]}