{"mean": [-247.555419921875, -18.024234771728516, -20.265666961669922, 84.25735473632812, 6.6405348777771, 7.023014068603516, -1.2545419931411743, -0.549953281879425, -0.2021717131137848], "std": [646.2144165039062, 557.1571044921875, 282.37982177734375, 183.73922729492188, 162.60888671875, 83.69414520263672, 117.10159301757812, 117.3480453491211, 115.28536987304688]}