{"mean": [-123.13589477539062, -7.244699478149414, -11.146912574768066, 83.67508697509766, 5.092302322387695, 7.560322284698486, -1.726035475730896, -0.2709493041038513, -0.21057865023612976], "std": [323.73333740234375, 278.69744873046875, 142.26356506347656, 184.42703247070312, 162.86737060546875, 84.21939086914062, 117.23426055908203, 117.25982666015625, 115.34066009521484]}