{"mean": [-123.46453094482422, -7.435962677001953, -11.150992393493652], "std": [323.9236145019531, 278.27337646484375, 142.18844604492188]}