{"mean": [-123.46453094482422, -7.435962677001953, -11.150992393493652, 83.88818359375, 5.129027366638184, 7.56326961517334, -1.9345602989196777, -0.3486288785934448, 0.2432420551776886], "std": [323.9236145019531, 278.27337646484375, 142.18844604492188, 184.48509216308594, 162.76095581054688, 84.10555267333984, 116.5236587524414, 117.16067504882812, 116.7568130493164]}