{"mean": [-123.67424011230469, -7.133682727813721, -11.211880683898926, 84.0550537109375, 5.049211025238037, 7.592785835266113, -1.3504987955093384, -0.3706930875778198, -0.09120147675275803], "std": [323.2388916015625, 277.825927734375, 141.60755920410156, 184.30699157714844, 162.499755859375, 83.85930633544922, 117.04766082763672, 117.3970947265625, 115.2098388671875]}